target_property,model_name,dimension,importance
stopping_time,RandomForest,0,0.005985374474515155
stopping_time,RandomForest,1,0.007487986066737046
stopping_time,RandomForest,2,0.0059458627337214175
stopping_time,RandomForest,3,0.006737739968886318
stopping_time,RandomForest,4,0.0069693273432645505
stopping_time,RandomForest,5,0.00607779651570016
stopping_time,RandomForest,6,0.008734128457116382
stopping_time,RandomForest,7,0.010005330647331055
stopping_time,RandomForest,8,0.008046642861256203
stopping_time,RandomForest,9,0.0063784836279202365
stopping_time,RandomForest,10,0.008675982835878561
stopping_time,RandomForest,11,0.007839269302536233
stopping_time,RandomForest,12,0.00805996494348872
stopping_time,RandomForest,13,0.010187508617134395
stopping_time,RandomForest,14,0.007003272150566078
stopping_time,RandomForest,15,0.007232844835110893
stopping_time,RandomForest,16,0.006185207692658653
stopping_time,RandomForest,17,0.007766354761870521
stopping_time,RandomForest,18,0.008072026136185543
stopping_time,RandomForest,19,0.008003737127311878
stopping_time,RandomForest,20,0.007514763014309522
stopping_time,RandomForest,21,0.008347520575058226
stopping_time,RandomForest,22,0.006394977885623983
stopping_time,RandomForest,23,0.006379434746549339
stopping_time,RandomForest,24,0.007997633653396312
stopping_time,RandomForest,25,0.008867348239274502
stopping_time,RandomForest,26,0.006383785205064044
stopping_time,RandomForest,27,0.006215641349375675
stopping_time,RandomForest,28,0.007293420428206908
stopping_time,RandomForest,29,0.006711079581696716
stopping_time,RandomForest,30,0.007418102941496421
stopping_time,RandomForest,31,0.005845192465165083
stopping_time,RandomForest,32,0.008473448042140857
stopping_time,RandomForest,33,0.007066400185005553
stopping_time,RandomForest,34,0.006683651831271662
stopping_time,RandomForest,35,0.00919279907013975
stopping_time,RandomForest,36,0.00859073649586563
stopping_time,RandomForest,37,0.006813682625991753
stopping_time,RandomForest,38,0.007021220391629853
stopping_time,RandomForest,39,0.007703371559551391
stopping_time,RandomForest,40,0.006569741698131157
stopping_time,RandomForest,41,0.007023043569589903
stopping_time,RandomForest,42,0.007126667884948062
stopping_time,RandomForest,43,0.009522799069642993
stopping_time,RandomForest,44,0.006994612813966509
stopping_time,RandomForest,45,0.00786210230686112
stopping_time,RandomForest,46,0.005294910829893772
stopping_time,RandomForest,47,0.008790187921958884
stopping_time,RandomForest,48,0.005028175851945726
stopping_time,RandomForest,49,0.01205656431909361
stopping_time,RandomForest,50,0.00995910457526142
stopping_time,RandomForest,51,0.007242032755993807
stopping_time,RandomForest,52,0.008364991926323156
stopping_time,RandomForest,53,0.006145061039817129
stopping_time,RandomForest,54,0.006376577165337489
stopping_time,RandomForest,55,0.007062870435420206
stopping_time,RandomForest,56,0.008449265189309272
stopping_time,RandomForest,57,0.006077164806068833
stopping_time,RandomForest,58,0.008474672482913123
stopping_time,RandomForest,59,0.009297213051085279
stopping_time,RandomForest,60,0.005548089706440106
stopping_time,RandomForest,61,0.0068970361457828845
stopping_time,RandomForest,62,0.00844139690446979
stopping_time,RandomForest,63,0.008588442625026711
stopping_time,RandomForest,64,0.0109116010694162
stopping_time,RandomForest,65,0.008108714337069646
stopping_time,RandomForest,66,0.00866292954729122
stopping_time,RandomForest,67,0.007466747776495424
stopping_time,RandomForest,68,0.010504448449208273
stopping_time,RandomForest,69,0.007217389752978694
stopping_time,RandomForest,70,0.006397772892036147
stopping_time,RandomForest,71,0.00686303588775642
stopping_time,RandomForest,72,0.006152288544401876
stopping_time,RandomForest,73,0.0072128513532597575
stopping_time,RandomForest,74,0.008334654833536051
stopping_time,RandomForest,75,0.0054176060917494814
stopping_time,RandomForest,76,0.009368254588883719
stopping_time,RandomForest,77,0.0066898164264883415
stopping_time,RandomForest,78,0.005827306796192244
stopping_time,RandomForest,79,0.00912858822331235
stopping_time,RandomForest,80,0.014819745714348777
stopping_time,RandomForest,81,0.005521148766057675
stopping_time,RandomForest,82,0.008229579008625696
stopping_time,RandomForest,83,0.006754118147763774
stopping_time,RandomForest,84,0.0070315871919899575
stopping_time,RandomForest,85,0.007733399202256491
stopping_time,RandomForest,86,0.008686242866384745
stopping_time,RandomForest,87,0.010364890053522176
stopping_time,RandomForest,88,0.006492519326202993
stopping_time,RandomForest,89,0.0071549045679267275
stopping_time,RandomForest,90,0.010604524960453365
stopping_time,RandomForest,91,0.0070907141414801355
stopping_time,RandomForest,92,0.006840491567306583
stopping_time,RandomForest,93,0.01108439408957488
stopping_time,RandomForest,94,0.008661425189033957
stopping_time,RandomForest,95,0.008116854410320853
stopping_time,RandomForest,96,0.007325961519486511
stopping_time,RandomForest,97,0.009542075507301661
stopping_time,RandomForest,98,0.010497302521523049
stopping_time,RandomForest,99,0.009098950439947205
stopping_time,RandomForest,100,0.012544141508768347
stopping_time,RandomForest,101,0.007214111546158514
stopping_time,RandomForest,102,0.006358784552847043
stopping_time,RandomForest,103,0.00745487759072376
stopping_time,RandomForest,104,0.008119063264692033
stopping_time,RandomForest,105,0.0072815256197633765
stopping_time,RandomForest,106,0.007278618331681516
stopping_time,RandomForest,107,0.007493842022103611
stopping_time,RandomForest,108,0.007815947636632596
stopping_time,RandomForest,109,0.0059597595380599735
stopping_time,RandomForest,110,0.008009901942662545
stopping_time,RandomForest,111,0.008762011827952653
stopping_time,RandomForest,112,0.007315690988227132
stopping_time,RandomForest,113,0.011539745859390346
stopping_time,RandomForest,114,0.009291270044165259
stopping_time,RandomForest,115,0.0066436362308077744
stopping_time,RandomForest,116,0.0060053545836977265
stopping_time,RandomForest,117,0.006293268244716945
stopping_time,RandomForest,118,0.007386840632180675
stopping_time,RandomForest,119,0.006307519784751865
stopping_time,RandomForest,120,0.010408338139733157
stopping_time,RandomForest,121,0.010072127110971734
stopping_time,RandomForest,122,0.008214748597863239
stopping_time,RandomForest,123,0.007489008001637227
stopping_time,RandomForest,124,0.007710564750698573
stopping_time,RandomForest,125,0.009081465038239788
stopping_time,RandomForest,126,0.0076698167493940055
stopping_time,RandomForest,127,0.006861407638611411
stopping_time,XGBoost,0,0.003476389916613698
stopping_time,XGBoost,1,0.0043080952018499374
stopping_time,XGBoost,2,0.004822138696908951
stopping_time,XGBoost,3,0.0051229712553322315
stopping_time,XGBoost,4,0.005747223272919655
stopping_time,XGBoost,5,0.006346242967993021
stopping_time,XGBoost,6,0.006799731869250536
stopping_time,XGBoost,7,0.007873228751122952
stopping_time,XGBoost,8,0.007090311963111162
stopping_time,XGBoost,9,0.006859642919152975
stopping_time,XGBoost,10,0.007127601653337479
stopping_time,XGBoost,11,0.009856992401182652
stopping_time,XGBoost,12,0.008316121995449066
stopping_time,XGBoost,13,0.008518503047525883
stopping_time,XGBoost,14,0.009817407466471195
stopping_time,XGBoost,15,0.0068804919719696045
stopping_time,XGBoost,16,0.006286710500717163
stopping_time,XGBoost,17,0.007835815660655499
stopping_time,XGBoost,18,0.008359253406524658
stopping_time,XGBoost,19,0.007973060011863708
stopping_time,XGBoost,20,0.0083331149071455
stopping_time,XGBoost,21,0.008278255350887775
stopping_time,XGBoost,22,0.006579997017979622
stopping_time,XGBoost,23,0.008006813935935497
stopping_time,XGBoost,24,0.008000364527106285
stopping_time,XGBoost,25,0.009434282779693604
stopping_time,XGBoost,26,0.008314725942909718
stopping_time,XGBoost,27,0.007453930098563433
stopping_time,XGBoost,28,0.007706842850893736
stopping_time,XGBoost,29,0.007472168654203415
stopping_time,XGBoost,30,0.008126462809741497
stopping_time,XGBoost,31,0.008722339756786823
stopping_time,XGBoost,32,0.007588408887386322
stopping_time,XGBoost,33,0.007536322344094515
stopping_time,XGBoost,34,0.008298040367662907
stopping_time,XGBoost,35,0.008482265286147594
stopping_time,XGBoost,36,0.009220932610332966
stopping_time,XGBoost,37,0.00755560165271163
stopping_time,XGBoost,38,0.008145373314619064
stopping_time,XGBoost,39,0.00854767020791769
stopping_time,XGBoost,40,0.00861432310193777
stopping_time,XGBoost,41,0.007747718598693609
stopping_time,XGBoost,42,0.009008321911096573
stopping_time,XGBoost,43,0.007493526209145784
stopping_time,XGBoost,44,0.007244796026498079
stopping_time,XGBoost,45,0.007445198949426413
stopping_time,XGBoost,46,0.0077340505085885525
stopping_time,XGBoost,47,0.007892746478319168
stopping_time,XGBoost,48,0.007794704753905535
stopping_time,XGBoost,49,0.008244986645877361
stopping_time,XGBoost,50,0.0076950364746153355
stopping_time,XGBoost,51,0.007479438092559576
stopping_time,XGBoost,52,0.007344549056142569
stopping_time,XGBoost,53,0.007818896323442459
stopping_time,XGBoost,54,0.007763884495943785
stopping_time,XGBoost,55,0.006898446474224329
stopping_time,XGBoost,56,0.007816256023943424
stopping_time,XGBoost,57,0.0077695162035524845
stopping_time,XGBoost,58,0.008025451563298702
stopping_time,XGBoost,59,0.007354422006756067
stopping_time,XGBoost,60,0.009418019093573093
stopping_time,XGBoost,61,0.00817590020596981
stopping_time,XGBoost,62,0.00966558512300253
stopping_time,XGBoost,63,0.008206164464354515
stopping_time,XGBoost,64,0.008873742073774338
stopping_time,XGBoost,65,0.007714502047747374
stopping_time,XGBoost,66,0.009529102593660355
stopping_time,XGBoost,67,0.006949050817638636
stopping_time,XGBoost,68,0.008073988370597363
stopping_time,XGBoost,69,0.008271719329059124
stopping_time,XGBoost,70,0.008208743296563625
stopping_time,XGBoost,71,0.008357747457921505
stopping_time,XGBoost,72,0.007886850275099277
stopping_time,XGBoost,73,0.00768682174384594
stopping_time,XGBoost,74,0.0065275877714157104
stopping_time,XGBoost,75,0.007531051989644766
stopping_time,XGBoost,76,0.008567647077143192
stopping_time,XGBoost,77,0.007049726787954569
stopping_time,XGBoost,78,0.007377182599157095
stopping_time,XGBoost,79,0.009379961527884007
stopping_time,XGBoost,80,0.007449143100529909
stopping_time,XGBoost,81,0.0074182190001010895
stopping_time,XGBoost,82,0.008378853090107441
stopping_time,XGBoost,83,0.007996786385774612
stopping_time,XGBoost,84,0.007697571534663439
stopping_time,XGBoost,85,0.01001577079296112
stopping_time,XGBoost,86,0.008311890996992588
stopping_time,XGBoost,87,0.00923027191311121
stopping_time,XGBoost,88,0.007601957768201828
stopping_time,XGBoost,89,0.007577755954116583
stopping_time,XGBoost,90,0.008810061030089855
stopping_time,XGBoost,91,0.007598323281854391
stopping_time,XGBoost,92,0.008627968840301037
stopping_time,XGBoost,93,0.00855772290378809
stopping_time,XGBoost,94,0.00661489786580205
stopping_time,XGBoost,95,0.008197209797799587
stopping_time,XGBoost,96,0.007780275773257017
stopping_time,XGBoost,97,0.008166508749127388
stopping_time,XGBoost,98,0.008236667141318321
stopping_time,XGBoost,99,0.007240550126880407
stopping_time,XGBoost,100,0.008123768493533134
stopping_time,XGBoost,101,0.006460524629801512
stopping_time,XGBoost,102,0.00800431426614523
stopping_time,XGBoost,103,0.008892315439879894
stopping_time,XGBoost,104,0.00853172317147255
stopping_time,XGBoost,105,0.0078021809458732605
stopping_time,XGBoost,106,0.006716862320899963
stopping_time,XGBoost,107,0.007305843289941549
stopping_time,XGBoost,108,0.00803160760551691
stopping_time,XGBoost,109,0.0070162429474294186
stopping_time,XGBoost,110,0.007754089776426554
stopping_time,XGBoost,111,0.00780124356970191
stopping_time,XGBoost,112,0.008012966252863407
stopping_time,XGBoost,113,0.0072745694778859615
stopping_time,XGBoost,114,0.007934006862342358
stopping_time,XGBoost,115,0.007939649745821953
stopping_time,XGBoost,116,0.007495251949876547
stopping_time,XGBoost,117,0.0073884017765522
stopping_time,XGBoost,118,0.007533517200499773
stopping_time,XGBoost,119,0.007688935846090317
stopping_time,XGBoost,120,0.008513803593814373
stopping_time,XGBoost,121,0.008080335333943367
stopping_time,XGBoost,122,0.007839427329599857
stopping_time,XGBoost,123,0.007726739626377821
stopping_time,XGBoost,124,0.007100224960595369
stopping_time,XGBoost,125,0.008195167407393456
stopping_time,XGBoost,126,0.008204997517168522
stopping_time,XGBoost,127,0.009263654239475727
stopping_time,LightGBM,0,27.333333333333332
stopping_time,LightGBM,1,18.0
stopping_time,LightGBM,2,17.333333333333332
stopping_time,LightGBM,3,20.666666666666668
stopping_time,LightGBM,4,21.333333333333332
stopping_time,LightGBM,5,17.666666666666668
stopping_time,LightGBM,6,24.666666666666668
stopping_time,LightGBM,7,28.666666666666668
stopping_time,LightGBM,8,20.666666666666668
stopping_time,LightGBM,9,22.666666666666668
stopping_time,LightGBM,10,22.333333333333332
stopping_time,LightGBM,11,25.666666666666668
stopping_time,LightGBM,12,29.333333333333332
stopping_time,LightGBM,13,27.0
stopping_time,LightGBM,14,22.666666666666668
stopping_time,LightGBM,15,23.333333333333332
stopping_time,LightGBM,16,21.0
stopping_time,LightGBM,17,23.333333333333332
stopping_time,LightGBM,18,16.666666666666668
stopping_time,LightGBM,19,26.0
stopping_time,LightGBM,20,25.0
stopping_time,LightGBM,21,18.333333333333332
stopping_time,LightGBM,22,23.666666666666668
stopping_time,LightGBM,23,22.333333333333332
stopping_time,LightGBM,24,17.0
stopping_time,LightGBM,25,31.0
stopping_time,LightGBM,26,29.666666666666668
stopping_time,LightGBM,27,18.666666666666668
stopping_time,LightGBM,28,24.666666666666668
stopping_time,LightGBM,29,20.666666666666668
stopping_time,LightGBM,30,29.0
stopping_time,LightGBM,31,16.666666666666668
stopping_time,LightGBM,32,32.0
stopping_time,LightGBM,33,16.666666666666668
stopping_time,LightGBM,34,24.0
stopping_time,LightGBM,35,28.666666666666668
stopping_time,LightGBM,36,24.333333333333332
stopping_time,LightGBM,37,18.666666666666668
stopping_time,LightGBM,38,29.666666666666668
stopping_time,LightGBM,39,27.0
stopping_time,LightGBM,40,20.666666666666668
stopping_time,LightGBM,41,21.333333333333332
stopping_time,LightGBM,42,15.0
stopping_time,LightGBM,43,24.666666666666668
stopping_time,LightGBM,44,19.333333333333332
stopping_time,LightGBM,45,20.333333333333332
stopping_time,LightGBM,46,19.666666666666668
stopping_time,LightGBM,47,20.333333333333332
stopping_time,LightGBM,48,22.666666666666668
stopping_time,LightGBM,49,33.666666666666664
stopping_time,LightGBM,50,22.666666666666668
stopping_time,LightGBM,51,24.666666666666668
stopping_time,LightGBM,52,26.666666666666668
stopping_time,LightGBM,53,19.666666666666668
stopping_time,LightGBM,54,25.666666666666668
stopping_time,LightGBM,55,19.0
stopping_time,LightGBM,56,25.0
stopping_time,LightGBM,57,23.333333333333332
stopping_time,LightGBM,58,24.333333333333332
stopping_time,LightGBM,59,29.0
stopping_time,LightGBM,60,20.0
stopping_time,LightGBM,61,19.333333333333332
stopping_time,LightGBM,62,26.666666666666668
stopping_time,LightGBM,63,20.666666666666668
stopping_time,LightGBM,64,28.333333333333332
stopping_time,LightGBM,65,24.666666666666668
stopping_time,LightGBM,66,18.666666666666668
stopping_time,LightGBM,67,22.666666666666668
stopping_time,LightGBM,68,23.333333333333332
stopping_time,LightGBM,69,23.333333333333332
stopping_time,LightGBM,70,14.333333333333334
stopping_time,LightGBM,71,18.333333333333332
stopping_time,LightGBM,72,26.0
stopping_time,LightGBM,73,27.666666666666668
stopping_time,LightGBM,74,21.333333333333332
stopping_time,LightGBM,75,14.666666666666666
stopping_time,LightGBM,76,23.666666666666668
stopping_time,LightGBM,77,19.666666666666668
stopping_time,LightGBM,78,22.0
stopping_time,LightGBM,79,27.0
stopping_time,LightGBM,80,25.666666666666668
stopping_time,LightGBM,81,23.0
stopping_time,LightGBM,82,20.333333333333332
stopping_time,LightGBM,83,20.333333333333332
stopping_time,LightGBM,84,20.0
stopping_time,LightGBM,85,28.0
stopping_time,LightGBM,86,31.666666666666668
stopping_time,LightGBM,87,30.0
stopping_time,LightGBM,88,20.666666666666668
stopping_time,LightGBM,89,23.666666666666668
stopping_time,LightGBM,90,27.0
stopping_time,LightGBM,91,22.0
stopping_time,LightGBM,92,20.333333333333332
stopping_time,LightGBM,93,34.333333333333336
stopping_time,LightGBM,94,35.0
stopping_time,LightGBM,95,26.0
stopping_time,LightGBM,96,26.666666666666668
stopping_time,LightGBM,97,30.333333333333332
stopping_time,LightGBM,98,23.666666666666668
stopping_time,LightGBM,99,35.0
stopping_time,LightGBM,100,23.333333333333332
stopping_time,LightGBM,101,23.666666666666668
stopping_time,LightGBM,102,24.666666666666668
stopping_time,LightGBM,103,20.666666666666668
stopping_time,LightGBM,104,20.333333333333332
stopping_time,LightGBM,105,20.666666666666668
stopping_time,LightGBM,106,20.333333333333332
stopping_time,LightGBM,107,20.333333333333332
stopping_time,LightGBM,108,23.666666666666668
stopping_time,LightGBM,109,23.666666666666668
stopping_time,LightGBM,110,26.666666666666668
stopping_time,LightGBM,111,27.0
stopping_time,LightGBM,112,19.666666666666668
stopping_time,LightGBM,113,18.666666666666668
stopping_time,LightGBM,114,28.666666666666668
stopping_time,LightGBM,115,22.333333333333332
stopping_time,LightGBM,116,17.0
stopping_time,LightGBM,117,20.333333333333332
stopping_time,LightGBM,118,23.666666666666668
stopping_time,LightGBM,119,27.333333333333332
stopping_time,LightGBM,120,26.0
stopping_time,LightGBM,121,22.666666666666668
stopping_time,LightGBM,122,33.666666666666664
stopping_time,LightGBM,123,19.0
stopping_time,LightGBM,124,26.0
stopping_time,LightGBM,125,17.666666666666668
stopping_time,LightGBM,126,23.666666666666668
stopping_time,LightGBM,127,21.0
maximum_excursion,RandomForest,0,0.007758214796591017
maximum_excursion,RandomForest,1,0.007938989361333386
maximum_excursion,RandomForest,2,0.007870512300842928
maximum_excursion,RandomForest,3,0.007469523740827992
maximum_excursion,RandomForest,4,0.008127695290838411
maximum_excursion,RandomForest,5,0.007888480607638063
maximum_excursion,RandomForest,6,0.007438946729964158
maximum_excursion,RandomForest,7,0.007718495684769796
maximum_excursion,RandomForest,8,0.007843838038794765
maximum_excursion,RandomForest,9,0.007803564922969298
maximum_excursion,RandomForest,10,0.007435045511778069
maximum_excursion,RandomForest,11,0.007540260691314267
maximum_excursion,RandomForest,12,0.007626295337788052
maximum_excursion,RandomForest,13,0.008105733142000164
maximum_excursion,RandomForest,14,0.007835785031480686
maximum_excursion,RandomForest,15,0.0077790033500181035
maximum_excursion,RandomForest,16,0.0080569319468819
maximum_excursion,RandomForest,17,0.008044435854188878
maximum_excursion,RandomForest,18,0.008063893746098666
maximum_excursion,RandomForest,19,0.007511656346606642
maximum_excursion,RandomForest,20,0.00781340068325663
maximum_excursion,RandomForest,21,0.007592191218842516
maximum_excursion,RandomForest,22,0.008112129502510187
maximum_excursion,RandomForest,23,0.007604629245046932
maximum_excursion,RandomForest,24,0.008320562635797151
maximum_excursion,RandomForest,25,0.007968337120245118
maximum_excursion,RandomForest,26,0.007805584423490555
maximum_excursion,RandomForest,27,0.007979212822945612
maximum_excursion,RandomForest,28,0.007922450344868624
maximum_excursion,RandomForest,29,0.007854120426197068
maximum_excursion,RandomForest,30,0.0073396870717325905
maximum_excursion,RandomForest,31,0.007367536731983551
maximum_excursion,RandomForest,32,0.007516915813592528
maximum_excursion,RandomForest,33,0.007975710907378064
maximum_excursion,RandomForest,34,0.008259255457803491
maximum_excursion,RandomForest,35,0.008067034917003321
maximum_excursion,RandomForest,36,0.007960997890966949
maximum_excursion,RandomForest,37,0.007024163952814729
maximum_excursion,RandomForest,38,0.007916949908723133
maximum_excursion,RandomForest,39,0.008085062935923806
maximum_excursion,RandomForest,40,0.007609207020860115
maximum_excursion,RandomForest,41,0.007826195035267039
maximum_excursion,RandomForest,42,0.007599249950275315
maximum_excursion,RandomForest,43,0.007531336679311883
maximum_excursion,RandomForest,44,0.00731167100826497
maximum_excursion,RandomForest,45,0.007384503059917925
maximum_excursion,RandomForest,46,0.008187552152389935
maximum_excursion,RandomForest,47,0.007832919543041184
maximum_excursion,RandomForest,48,0.007289267524710475
maximum_excursion,RandomForest,49,0.008296385440510078
maximum_excursion,RandomForest,50,0.007823177344941978
maximum_excursion,RandomForest,51,0.0076713126097637694
maximum_excursion,RandomForest,52,0.007631779352899881
maximum_excursion,RandomForest,53,0.007346239445177416
maximum_excursion,RandomForest,54,0.007597222172870555
maximum_excursion,RandomForest,55,0.0076516381770090685
maximum_excursion,RandomForest,56,0.008491728723870946
maximum_excursion,RandomForest,57,0.007766688173149012
maximum_excursion,RandomForest,58,0.007157172815867442
maximum_excursion,RandomForest,59,0.00807455449804064
maximum_excursion,RandomForest,60,0.008018233695619692
maximum_excursion,RandomForest,61,0.008161229133799503
maximum_excursion,RandomForest,62,0.008396640479148712
maximum_excursion,RandomForest,63,0.007559244433779665
maximum_excursion,RandomForest,64,0.007961640882726521
maximum_excursion,RandomForest,65,0.008413188506855226
maximum_excursion,RandomForest,66,0.007754308150627481
maximum_excursion,RandomForest,67,0.0074875527088304585
maximum_excursion,RandomForest,68,0.007664174367911658
maximum_excursion,RandomForest,69,0.007962947707621576
maximum_excursion,RandomForest,70,0.007874722744782639
maximum_excursion,RandomForest,71,0.007661224854538159
maximum_excursion,RandomForest,72,0.00760538697210601
maximum_excursion,RandomForest,73,0.008106294911058338
maximum_excursion,RandomForest,74,0.0072545343152059195
maximum_excursion,RandomForest,75,0.007691219633938856
maximum_excursion,RandomForest,76,0.008136282992851492
maximum_excursion,RandomForest,77,0.009042583353870594
maximum_excursion,RandomForest,78,0.00772072604984261
maximum_excursion,RandomForest,79,0.008091670274724344
maximum_excursion,RandomForest,80,0.008079189823734501
maximum_excursion,RandomForest,81,0.007720578177921812
maximum_excursion,RandomForest,82,0.007232353292269393
maximum_excursion,RandomForest,83,0.007592819685651442
maximum_excursion,RandomForest,84,0.008111904983788712
maximum_excursion,RandomForest,85,0.007603596162764767
maximum_excursion,RandomForest,86,0.007585980395045881
maximum_excursion,RandomForest,87,0.00796536543269818
maximum_excursion,RandomForest,88,0.007533491631627778
maximum_excursion,RandomForest,89,0.008059190252640826
maximum_excursion,RandomForest,90,0.007852137919352934
maximum_excursion,RandomForest,91,0.007645313917888183
maximum_excursion,RandomForest,92,0.0075979123086281665
maximum_excursion,RandomForest,93,0.008311499320101832
maximum_excursion,RandomForest,94,0.007587738696899291
maximum_excursion,RandomForest,95,0.007843372708844894
maximum_excursion,RandomForest,96,0.007561840664666372
maximum_excursion,RandomForest,97,0.008233116542671844
maximum_excursion,RandomForest,98,0.008319538044708231
maximum_excursion,RandomForest,99,0.008033290129241645
maximum_excursion,RandomForest,100,0.0077961132296327324
maximum_excursion,RandomForest,101,0.007652298751166939
maximum_excursion,RandomForest,102,0.007460294923484538
maximum_excursion,RandomForest,103,0.008073043510188145
maximum_excursion,RandomForest,104,0.008118993739533146
maximum_excursion,RandomForest,105,0.008195453856093998
maximum_excursion,RandomForest,106,0.0072823381657574696
maximum_excursion,RandomForest,107,0.007813384304618086
maximum_excursion,RandomForest,108,0.008238732846270264
maximum_excursion,RandomForest,109,0.007643287131070695
maximum_excursion,RandomForest,110,0.008329746878473973
maximum_excursion,RandomForest,111,0.007971189118776529
maximum_excursion,RandomForest,112,0.007401129533192643
maximum_excursion,RandomForest,113,0.008217434440606058
maximum_excursion,RandomForest,114,0.007773008546406894
maximum_excursion,RandomForest,115,0.007732232355079474
maximum_excursion,RandomForest,116,0.007578318219680971
maximum_excursion,RandomForest,117,0.007857399703274549
maximum_excursion,RandomForest,118,0.007724771121353293
maximum_excursion,RandomForest,119,0.008273848819198043
maximum_excursion,RandomForest,120,0.007243032462887659
maximum_excursion,RandomForest,121,0.00799911787650015
maximum_excursion,RandomForest,122,0.007539296737490959
maximum_excursion,RandomForest,123,0.007788644356657343
maximum_excursion,RandomForest,124,0.007940286198204546
maximum_excursion,RandomForest,125,0.007853126247998244
maximum_excursion,RandomForest,126,0.007700689834822698
maximum_excursion,RandomForest,127,0.007345713658606408
maximum_excursion,XGBoost,0,0.0016951387515291572
maximum_excursion,XGBoost,1,0.002634798176586628
maximum_excursion,XGBoost,2,0.0033628700766712427
maximum_excursion,XGBoost,3,0.0039427862502634525
maximum_excursion,XGBoost,4,0.004166591912508011
maximum_excursion,XGBoost,5,0.004886272829025984
maximum_excursion,XGBoost,6,0.00487772561609745
maximum_excursion,XGBoost,7,0.005496807396411896
maximum_excursion,XGBoost,8,0.00585919851437211
maximum_excursion,XGBoost,9,0.005841450300067663
maximum_excursion,XGBoost,10,0.005907370243221521
maximum_excursion,XGBoost,11,0.006441058591008186
maximum_excursion,XGBoost,12,0.006701810751110315
maximum_excursion,XGBoost,13,0.006547968834638596
maximum_excursion,XGBoost,14,0.006899975705891848
maximum_excursion,XGBoost,15,0.00690904026851058
maximum_excursion,XGBoost,16,0.00700429268181324
maximum_excursion,XGBoost,17,0.007386498153209686
maximum_excursion,XGBoost,18,0.00729789724573493
maximum_excursion,XGBoost,19,0.007211603224277496
maximum_excursion,XGBoost,20,0.007572740316390991
maximum_excursion,XGBoost,21,0.007199218031018972
maximum_excursion,XGBoost,22,0.007408732082694769
maximum_excursion,XGBoost,23,0.007603479083627462
maximum_excursion,XGBoost,24,0.007540176156908274
maximum_excursion,XGBoost,25,0.007247410714626312
maximum_excursion,XGBoost,26,0.0073392800986766815
maximum_excursion,XGBoost,27,0.007762735243886709
maximum_excursion,XGBoost,28,0.007539391051977873
maximum_excursion,XGBoost,29,0.007947870530188084
maximum_excursion,XGBoost,30,0.007937222719192505
maximum_excursion,XGBoost,31,0.008068225346505642
maximum_excursion,XGBoost,32,0.007545111235231161
maximum_excursion,XGBoost,33,0.007714822888374329
maximum_excursion,XGBoost,34,0.00758327404037118
maximum_excursion,XGBoost,35,0.007473574951291084
maximum_excursion,XGBoost,36,0.008232288993895054
maximum_excursion,XGBoost,37,0.0073733883909881115
maximum_excursion,XGBoost,38,0.007970919832587242
maximum_excursion,XGBoost,39,0.007961257360875607
maximum_excursion,XGBoost,40,0.007881839759647846
maximum_excursion,XGBoost,41,0.008051185868680477
maximum_excursion,XGBoost,42,0.00812962744385004
maximum_excursion,XGBoost,43,0.0077811977826058865
maximum_excursion,XGBoost,44,0.007854405790567398
maximum_excursion,XGBoost,45,0.007513806223869324
maximum_excursion,XGBoost,46,0.00841143261641264
maximum_excursion,XGBoost,47,0.0077521526254713535
maximum_excursion,XGBoost,48,0.00804375484585762
maximum_excursion,XGBoost,49,0.008501802571117878
maximum_excursion,XGBoost,50,0.008471190929412842
maximum_excursion,XGBoost,51,0.008285787887871265
maximum_excursion,XGBoost,52,0.007971703074872494
maximum_excursion,XGBoost,53,0.00839654728770256
maximum_excursion,XGBoost,54,0.00829500425606966
maximum_excursion,XGBoost,55,0.007740080822259188
maximum_excursion,XGBoost,56,0.00848421361297369
maximum_excursion,XGBoost,57,0.007865410298109055
maximum_excursion,XGBoost,58,0.00809126440435648
maximum_excursion,XGBoost,59,0.008345834910869598
maximum_excursion,XGBoost,60,0.008392185904085636
maximum_excursion,XGBoost,61,0.008251518942415714
maximum_excursion,XGBoost,62,0.008139248937368393
maximum_excursion,XGBoost,63,0.008501174859702587
maximum_excursion,XGBoost,64,0.008301359601318836
maximum_excursion,XGBoost,65,0.008318863809108734
maximum_excursion,XGBoost,66,0.008313611149787903
maximum_excursion,XGBoost,67,0.008165448904037476
maximum_excursion,XGBoost,68,0.007761351764202118
maximum_excursion,XGBoost,69,0.007935803383588791
maximum_excursion,XGBoost,70,0.008272613398730755
maximum_excursion,XGBoost,71,0.008630315773189068
maximum_excursion,XGBoost,72,0.008155494928359985
maximum_excursion,XGBoost,73,0.008615204133093357
maximum_excursion,XGBoost,74,0.008199061267077923
maximum_excursion,XGBoost,75,0.0091830650344491
maximum_excursion,XGBoost,76,0.008355360478162766
maximum_excursion,XGBoost,77,0.008394964970648289
maximum_excursion,XGBoost,78,0.008542097173631191
maximum_excursion,XGBoost,79,0.008213763125240803
maximum_excursion,XGBoost,80,0.008641424588859081
maximum_excursion,XGBoost,81,0.00838757399469614
maximum_excursion,XGBoost,82,0.008215785957872868
maximum_excursion,XGBoost,83,0.008231301791965961
maximum_excursion,XGBoost,84,0.008385326713323593
maximum_excursion,XGBoost,85,0.008886811323463917
maximum_excursion,XGBoost,86,0.008734171278774738
maximum_excursion,XGBoost,87,0.008537881076335907
maximum_excursion,XGBoost,88,0.008237211965024471
maximum_excursion,XGBoost,89,0.00822762306779623
maximum_excursion,XGBoost,90,0.008383533917367458
maximum_excursion,XGBoost,91,0.008458878844976425
maximum_excursion,XGBoost,92,0.008672253228724003
maximum_excursion,XGBoost,93,0.008364148437976837
maximum_excursion,XGBoost,94,0.008534662425518036
maximum_excursion,XGBoost,95,0.00819910317659378
maximum_excursion,XGBoost,96,0.007902007550001144
maximum_excursion,XGBoost,97,0.008588898926973343
maximum_excursion,XGBoost,98,0.008651196025311947
maximum_excursion,XGBoost,99,0.008659914135932922
maximum_excursion,XGBoost,100,0.008169959299266338
maximum_excursion,XGBoost,101,0.008529908023774624
maximum_excursion,XGBoost,102,0.008402573876082897
maximum_excursion,XGBoost,103,0.008393083699047565
maximum_excursion,XGBoost,104,0.008669324219226837
maximum_excursion,XGBoost,105,0.008773460052907467
maximum_excursion,XGBoost,106,0.008372155018150806
maximum_excursion,XGBoost,107,0.008420716971158981
maximum_excursion,XGBoost,108,0.008635327219963074
maximum_excursion,XGBoost,109,0.008432913571596146
maximum_excursion,XGBoost,110,0.008522700518369675
maximum_excursion,XGBoost,111,0.00857334304600954
maximum_excursion,XGBoost,112,0.00851014256477356
maximum_excursion,XGBoost,113,0.008922766894102097
maximum_excursion,XGBoost,114,0.008800238370895386
maximum_excursion,XGBoost,115,0.008583477698266506
maximum_excursion,XGBoost,116,0.008538949303328991
maximum_excursion,XGBoost,117,0.008929702453315258
maximum_excursion,XGBoost,118,0.008404489606618881
maximum_excursion,XGBoost,119,0.008945976383984089
maximum_excursion,XGBoost,120,0.008464726619422436
maximum_excursion,XGBoost,121,0.008439875207841396
maximum_excursion,XGBoost,122,0.008204721845686436
maximum_excursion,XGBoost,123,0.008892819285392761
maximum_excursion,XGBoost,124,0.008334320969879627
maximum_excursion,XGBoost,125,0.008156235329806805
maximum_excursion,XGBoost,126,0.008394523523747921
maximum_excursion,XGBoost,127,0.00807883869856596
maximum_excursion,LightGBM,0,24.666666666666668
maximum_excursion,LightGBM,1,24.0
maximum_excursion,LightGBM,2,21.333333333333332
maximum_excursion,LightGBM,3,20.333333333333332
maximum_excursion,LightGBM,4,27.666666666666668
maximum_excursion,LightGBM,5,17.333333333333332
maximum_excursion,LightGBM,6,23.666666666666668
maximum_excursion,LightGBM,7,28.333333333333332
maximum_excursion,LightGBM,8,27.0
maximum_excursion,LightGBM,9,20.666666666666668
maximum_excursion,LightGBM,10,23.333333333333332
maximum_excursion,LightGBM,11,25.0
maximum_excursion,LightGBM,12,27.333333333333332
maximum_excursion,LightGBM,13,19.0
maximum_excursion,LightGBM,14,26.333333333333332
maximum_excursion,LightGBM,15,23.0
maximum_excursion,LightGBM,16,22.0
maximum_excursion,LightGBM,17,27.333333333333332
maximum_excursion,LightGBM,18,18.333333333333332
maximum_excursion,LightGBM,19,23.666666666666668
maximum_excursion,LightGBM,20,23.0
maximum_excursion,LightGBM,21,22.0
maximum_excursion,LightGBM,22,31.333333333333332
maximum_excursion,LightGBM,23,26.333333333333332
maximum_excursion,LightGBM,24,27.333333333333332
maximum_excursion,LightGBM,25,26.666666666666668
maximum_excursion,LightGBM,26,20.0
maximum_excursion,LightGBM,27,26.666666666666668
maximum_excursion,LightGBM,28,24.0
maximum_excursion,LightGBM,29,24.0
maximum_excursion,LightGBM,30,21.0
maximum_excursion,LightGBM,31,22.666666666666668
maximum_excursion,LightGBM,32,19.666666666666668
maximum_excursion,LightGBM,33,30.0
maximum_excursion,LightGBM,34,28.333333333333332
maximum_excursion,LightGBM,35,22.333333333333332
maximum_excursion,LightGBM,36,22.0
maximum_excursion,LightGBM,37,15.333333333333334
maximum_excursion,LightGBM,38,20.333333333333332
maximum_excursion,LightGBM,39,21.666666666666668
maximum_excursion,LightGBM,40,23.666666666666668
maximum_excursion,LightGBM,41,29.666666666666668
maximum_excursion,LightGBM,42,23.333333333333332
maximum_excursion,LightGBM,43,21.0
maximum_excursion,LightGBM,44,26.666666666666668
maximum_excursion,LightGBM,45,27.333333333333332
maximum_excursion,LightGBM,46,20.0
maximum_excursion,LightGBM,47,22.666666666666668
maximum_excursion,LightGBM,48,20.666666666666668
maximum_excursion,LightGBM,49,26.0
maximum_excursion,LightGBM,50,21.666666666666668
maximum_excursion,LightGBM,51,23.333333333333332
maximum_excursion,LightGBM,52,19.0
maximum_excursion,LightGBM,53,19.0
maximum_excursion,LightGBM,54,21.666666666666668
maximum_excursion,LightGBM,55,27.0
maximum_excursion,LightGBM,56,22.333333333333332
maximum_excursion,LightGBM,57,24.333333333333332
maximum_excursion,LightGBM,58,22.333333333333332
maximum_excursion,LightGBM,59,22.0
maximum_excursion,LightGBM,60,26.333333333333332
maximum_excursion,LightGBM,61,20.666666666666668
maximum_excursion,LightGBM,62,29.666666666666668
maximum_excursion,LightGBM,63,26.666666666666668
maximum_excursion,LightGBM,64,30.666666666666668
maximum_excursion,LightGBM,65,22.333333333333332
maximum_excursion,LightGBM,66,19.333333333333332
maximum_excursion,LightGBM,67,22.666666666666668
maximum_excursion,LightGBM,68,21.0
maximum_excursion,LightGBM,69,20.0
maximum_excursion,LightGBM,70,22.666666666666668
maximum_excursion,LightGBM,71,22.666666666666668
maximum_excursion,LightGBM,72,25.0
maximum_excursion,LightGBM,73,26.666666666666668
maximum_excursion,LightGBM,74,22.0
maximum_excursion,LightGBM,75,20.333333333333332
maximum_excursion,LightGBM,76,26.333333333333332
maximum_excursion,LightGBM,77,26.333333333333332
maximum_excursion,LightGBM,78,29.0
maximum_excursion,LightGBM,79,20.666666666666668
maximum_excursion,LightGBM,80,28.0
maximum_excursion,LightGBM,81,22.333333333333332
maximum_excursion,LightGBM,82,23.666666666666668
maximum_excursion,LightGBM,83,19.333333333333332
maximum_excursion,LightGBM,84,22.333333333333332
maximum_excursion,LightGBM,85,28.0
maximum_excursion,LightGBM,86,23.0
maximum_excursion,LightGBM,87,23.0
maximum_excursion,LightGBM,88,17.0
maximum_excursion,LightGBM,89,26.666666666666668
maximum_excursion,LightGBM,90,19.666666666666668
maximum_excursion,LightGBM,91,22.666666666666668
maximum_excursion,LightGBM,92,17.666666666666668
maximum_excursion,LightGBM,93,21.666666666666668
maximum_excursion,LightGBM,94,27.333333333333332
maximum_excursion,LightGBM,95,21.333333333333332
maximum_excursion,LightGBM,96,20.0
maximum_excursion,LightGBM,97,28.666666666666668
maximum_excursion,LightGBM,98,22.0
maximum_excursion,LightGBM,99,25.333333333333332
maximum_excursion,LightGBM,100,20.666666666666668
maximum_excursion,LightGBM,101,20.666666666666668
maximum_excursion,LightGBM,102,21.0
maximum_excursion,LightGBM,103,24.333333333333332
maximum_excursion,LightGBM,104,20.333333333333332
maximum_excursion,LightGBM,105,29.0
maximum_excursion,LightGBM,106,24.666666666666668
maximum_excursion,LightGBM,107,19.333333333333332
maximum_excursion,LightGBM,108,20.666666666666668
maximum_excursion,LightGBM,109,20.0
maximum_excursion,LightGBM,110,23.666666666666668
maximum_excursion,LightGBM,111,23.666666666666668
maximum_excursion,LightGBM,112,21.666666666666668
maximum_excursion,LightGBM,113,25.0
maximum_excursion,LightGBM,114,23.0
maximum_excursion,LightGBM,115,19.333333333333332
maximum_excursion,LightGBM,116,26.0
maximum_excursion,LightGBM,117,28.666666666666668
maximum_excursion,LightGBM,118,22.666666666666668
maximum_excursion,LightGBM,119,34.666666666666664
maximum_excursion,LightGBM,120,19.666666666666668
maximum_excursion,LightGBM,121,22.333333333333332
maximum_excursion,LightGBM,122,25.333333333333332
maximum_excursion,LightGBM,123,20.666666666666668
maximum_excursion,LightGBM,124,28.333333333333332
maximum_excursion,LightGBM,125,20.0
maximum_excursion,LightGBM,126,28.666666666666668
maximum_excursion,LightGBM,127,16.666666666666668
binary_length,RandomForest,0,0.008421154933651153
binary_length,RandomForest,1,0.007706992069064282
binary_length,RandomForest,2,0.007350180996859648
binary_length,RandomForest,3,0.007359729292531086
binary_length,RandomForest,4,0.008072780735905208
binary_length,RandomForest,5,0.007351724447306117
binary_length,RandomForest,6,0.00801063611058636
binary_length,RandomForest,7,0.007539554008907491
binary_length,RandomForest,8,0.008072955708658543
binary_length,RandomForest,9,0.007908149829763816
binary_length,RandomForest,10,0.007107487183079305
binary_length,RandomForest,11,0.007730479971681137
binary_length,RandomForest,12,0.009011110669186856
binary_length,RandomForest,13,0.007941021624847793
binary_length,RandomForest,14,0.007625933723969136
binary_length,RandomForest,15,0.008022645292858378
binary_length,RandomForest,16,0.008354454387154198
binary_length,RandomForest,17,0.00967088536607856
binary_length,RandomForest,18,0.008076097826332807
binary_length,RandomForest,19,0.007391935833244804
binary_length,RandomForest,20,0.007586715614128907
binary_length,RandomForest,21,0.006583633864877716
binary_length,RandomForest,22,0.008263661645357795
binary_length,RandomForest,23,0.008167678756874219
binary_length,RandomForest,24,0.00841782380611388
binary_length,RandomForest,25,0.007086900067069988
binary_length,RandomForest,26,0.007430988367472834
binary_length,RandomForest,27,0.007512121144343701
binary_length,RandomForest,28,0.008016491893947876
binary_length,RandomForest,29,0.00785821889912972
binary_length,RandomForest,30,0.00764105637051737
binary_length,RandomForest,31,0.007428293650035225
binary_length,RandomForest,32,0.007877053395318646
binary_length,RandomForest,33,0.008510471593164495
binary_length,RandomForest,34,0.008923459994181994
binary_length,RandomForest,35,0.00793008801592032
binary_length,RandomForest,36,0.008089107426548494
binary_length,RandomForest,37,0.007577500716561754
binary_length,RandomForest,38,0.007539653323821573
binary_length,RandomForest,39,0.007283251899452593
binary_length,RandomForest,40,0.00830970313023368
binary_length,RandomForest,41,0.007861390142377382
binary_length,RandomForest,42,0.007162945467349978
binary_length,RandomForest,43,0.007110440567976807
binary_length,RandomForest,44,0.007538005261743401
binary_length,RandomForest,45,0.006597248092593439
binary_length,RandomForest,46,0.007518870321286325
binary_length,RandomForest,47,0.00817985515733729
binary_length,RandomForest,48,0.00734986304019809
binary_length,RandomForest,49,0.007343510149613476
binary_length,RandomForest,50,0.008093045607751348
binary_length,RandomForest,51,0.008139759441166036
binary_length,RandomForest,52,0.007033418000953033
binary_length,RandomForest,53,0.006967251819993082
binary_length,RandomForest,54,0.00802292627517847
binary_length,RandomForest,55,0.008559475125749868
binary_length,RandomForest,56,0.007212051837244479
binary_length,RandomForest,57,0.007423022509485945
binary_length,RandomForest,58,0.008362724496944232
binary_length,RandomForest,59,0.008007743724474785
binary_length,RandomForest,60,0.008741627858349746
binary_length,RandomForest,61,0.007845927892406948
binary_length,RandomForest,62,0.008451538238059208
binary_length,RandomForest,63,0.007235893683963401
binary_length,RandomForest,64,0.007985862270730937
binary_length,RandomForest,65,0.0074603175377951775
binary_length,RandomForest,66,0.007529077047741121
binary_length,RandomForest,67,0.007844756186559712
binary_length,RandomForest,68,0.007687599595798822
binary_length,RandomForest,69,0.008205389382447975
binary_length,RandomForest,70,0.007619905373356534
binary_length,RandomForest,71,0.008144192848054847
binary_length,RandomForest,72,0.008103409980753545
binary_length,RandomForest,73,0.007494763670381173
binary_length,RandomForest,74,0.007322986025760979
binary_length,RandomForest,75,0.008359160021044344
binary_length,RandomForest,76,0.007798086974913511
binary_length,RandomForest,77,0.008441548432650178
binary_length,RandomForest,78,0.0081868590530514
binary_length,RandomForest,79,0.008099107946702573
binary_length,RandomForest,80,0.00714679312567659
binary_length,RandomForest,81,0.008186907451714805
binary_length,RandomForest,82,0.006833585805640231
binary_length,RandomForest,83,0.007314136778287571
binary_length,RandomForest,84,0.009706788701342206
binary_length,RandomForest,85,0.008691530857259879
binary_length,RandomForest,86,0.006627074696726992
binary_length,RandomForest,87,0.007283453260997645
binary_length,RandomForest,88,0.007265800147097529
binary_length,RandomForest,89,0.007836147736961821
binary_length,RandomForest,90,0.007368045863687177
binary_length,RandomForest,91,0.008548713027473313
binary_length,RandomForest,92,0.008297764733712487
binary_length,RandomForest,93,0.007561917216503289
binary_length,RandomForest,94,0.007351840707802807
binary_length,RandomForest,95,0.008097467224989732
binary_length,RandomForest,96,0.007259706376464003
binary_length,RandomForest,97,0.008053263438206509
binary_length,RandomForest,98,0.007303853152512911
binary_length,RandomForest,99,0.00792215433522385
binary_length,RandomForest,100,0.007897351358431347
binary_length,RandomForest,101,0.007032582898188888
binary_length,RandomForest,102,0.008252954168041166
binary_length,RandomForest,103,0.007905785788496286
binary_length,RandomForest,104,0.008428681379059279
binary_length,RandomForest,105,0.008430375545088223
binary_length,RandomForest,106,0.00775056266606518
binary_length,RandomForest,107,0.008071334010639692
binary_length,RandomForest,108,0.007864985805831734
binary_length,RandomForest,109,0.007493278009138126
binary_length,RandomForest,110,0.007985594349519898
binary_length,RandomForest,111,0.008011225309604695
binary_length,RandomForest,112,0.0072028401218473745
binary_length,RandomForest,113,0.007896310542276932
binary_length,RandomForest,114,0.008067722275697652
binary_length,RandomForest,115,0.007869244859305635
binary_length,RandomForest,116,0.0077871978066501825
binary_length,RandomForest,117,0.00681660859323063
binary_length,RandomForest,118,0.007283540531345234
binary_length,RandomForest,119,0.008523255603547343
binary_length,RandomForest,120,0.0075472489830427855
binary_length,RandomForest,121,0.008077620441351544
binary_length,RandomForest,122,0.007908981550337112
binary_length,RandomForest,123,0.007989870596357375
binary_length,RandomForest,124,0.008264045092038118
binary_length,RandomForest,125,0.00806434055929977
binary_length,RandomForest,126,0.008337681004864787
binary_length,RandomForest,127,0.006780494865742631
binary_length,XGBoost,0,0.0019391874084249139
binary_length,XGBoost,1,0.0026069774758070707
binary_length,XGBoost,2,0.0034452530089765787
binary_length,XGBoost,3,0.0035917644854635
binary_length,XGBoost,4,0.004371491260826588
binary_length,XGBoost,5,0.005153882782906294
binary_length,XGBoost,6,0.005576299037784338
binary_length,XGBoost,7,0.005218039732426405
binary_length,XGBoost,8,0.005429916083812714
binary_length,XGBoost,9,0.005990768317133188
binary_length,XGBoost,10,0.0060477107763290405
binary_length,XGBoost,11,0.006703516934067011
binary_length,XGBoost,12,0.006667170207947493
binary_length,XGBoost,13,0.006941482424736023
binary_length,XGBoost,14,0.007088694255799055
binary_length,XGBoost,15,0.00692238612100482
binary_length,XGBoost,16,0.0072229462675750256
binary_length,XGBoost,17,0.007494479417800903
binary_length,XGBoost,18,0.0074736266396939754
binary_length,XGBoost,19,0.007232937961816788
binary_length,XGBoost,20,0.00774041935801506
binary_length,XGBoost,21,0.007142529357224703
binary_length,XGBoost,22,0.007820346392691135
binary_length,XGBoost,23,0.007305521983653307
binary_length,XGBoost,24,0.007593368645757437
binary_length,XGBoost,25,0.007762829307466745
binary_length,XGBoost,26,0.007693538907915354
binary_length,XGBoost,27,0.008576425723731518
binary_length,XGBoost,28,0.008066140115261078
binary_length,XGBoost,29,0.007528891321271658
binary_length,XGBoost,30,0.0073752929456532
binary_length,XGBoost,31,0.008032944053411484
binary_length,XGBoost,32,0.008141296915709972
binary_length,XGBoost,33,0.007704995572566986
binary_length,XGBoost,34,0.007923650555312634
binary_length,XGBoost,35,0.008292383514344692
binary_length,XGBoost,36,0.008385570719838142
binary_length,XGBoost,37,0.008118228055536747
binary_length,XGBoost,38,0.008319937624037266
binary_length,XGBoost,39,0.00802978128194809
binary_length,XGBoost,40,0.008249015547335148
binary_length,XGBoost,41,0.00860943365842104
binary_length,XGBoost,42,0.008229686878621578
binary_length,XGBoost,43,0.00820882711559534
binary_length,XGBoost,44,0.007919424213469028
binary_length,XGBoost,45,0.007753183599561453
binary_length,XGBoost,46,0.007724898401647806
binary_length,XGBoost,47,0.008184566162526608
binary_length,XGBoost,48,0.007913687266409397
binary_length,XGBoost,49,0.007985507138073444
binary_length,XGBoost,50,0.007905560545623302
binary_length,XGBoost,51,0.00781294982880354
binary_length,XGBoost,52,0.0074928682297468185
binary_length,XGBoost,53,0.008108418434858322
binary_length,XGBoost,54,0.008481762371957302
binary_length,XGBoost,55,0.00838480144739151
binary_length,XGBoost,56,0.00817483477294445
binary_length,XGBoost,57,0.008255699649453163
binary_length,XGBoost,58,0.008120517246425152
binary_length,XGBoost,59,0.008151582442224026
binary_length,XGBoost,60,0.007950256578624249
binary_length,XGBoost,61,0.00808845367282629
binary_length,XGBoost,62,0.00837103184312582
binary_length,XGBoost,63,0.007933701388537884
binary_length,XGBoost,64,0.0082903066650033
binary_length,XGBoost,65,0.008798821829259396
binary_length,XGBoost,66,0.008636441081762314
binary_length,XGBoost,67,0.007918694987893105
binary_length,XGBoost,68,0.008041576482355595
binary_length,XGBoost,69,0.008244172669947147
binary_length,XGBoost,70,0.008067344315350056
binary_length,XGBoost,71,0.008191286586225033
binary_length,XGBoost,72,0.008507228456437588
binary_length,XGBoost,73,0.008026848547160625
binary_length,XGBoost,74,0.008188114501535892
binary_length,XGBoost,75,0.008610958233475685
binary_length,XGBoost,76,0.008554135449230671
binary_length,XGBoost,77,0.008373891934752464
binary_length,XGBoost,78,0.008057083934545517
binary_length,XGBoost,79,0.008589647710323334
binary_length,XGBoost,80,0.008496880531311035
binary_length,XGBoost,81,0.008157697506248951
binary_length,XGBoost,82,0.007820223458111286
binary_length,XGBoost,83,0.008451656438410282
binary_length,XGBoost,84,0.008969695307314396
binary_length,XGBoost,85,0.00809290912002325
binary_length,XGBoost,86,0.007991724647581577
binary_length,XGBoost,87,0.008263630792498589
binary_length,XGBoost,88,0.008387821726500988
binary_length,XGBoost,89,0.008434612303972244
binary_length,XGBoost,90,0.008689377456903458
binary_length,XGBoost,91,0.008533687330782413
binary_length,XGBoost,92,0.008186470717191696
binary_length,XGBoost,93,0.008265248499810696
binary_length,XGBoost,94,0.00868714414536953
binary_length,XGBoost,95,0.008498643524944782
binary_length,XGBoost,96,0.007839453406631947
binary_length,XGBoost,97,0.008305284194648266
binary_length,XGBoost,98,0.007996371947228909
binary_length,XGBoost,99,0.008371977135539055
binary_length,XGBoost,100,0.008668122813105583
binary_length,XGBoost,101,0.008345483802258968
binary_length,XGBoost,102,0.00853807758539915
binary_length,XGBoost,103,0.008118201047182083
binary_length,XGBoost,104,0.00864011887460947
binary_length,XGBoost,105,0.008035735227167606
binary_length,XGBoost,106,0.008222509175539017
binary_length,XGBoost,107,0.007928143255412579
binary_length,XGBoost,108,0.008648526854813099
binary_length,XGBoost,109,0.008617829531431198
binary_length,XGBoost,110,0.008793046697974205
binary_length,XGBoost,111,0.008707863278687
binary_length,XGBoost,112,0.008331436663866043
binary_length,XGBoost,113,0.008932400494813919
binary_length,XGBoost,114,0.008588659577071667
binary_length,XGBoost,115,0.008448245003819466
binary_length,XGBoost,116,0.008295404724776745
binary_length,XGBoost,117,0.008037243038415909
binary_length,XGBoost,118,0.00867366325110197
binary_length,XGBoost,119,0.00862825382500887
binary_length,XGBoost,120,0.008349278010427952
binary_length,XGBoost,121,0.008512788452208042
binary_length,XGBoost,122,0.00834578461945057
binary_length,XGBoost,123,0.008833233267068863
binary_length,XGBoost,124,0.00803512055426836
binary_length,XGBoost,125,0.008174578659236431
binary_length,XGBoost,126,0.008210212923586369
binary_length,XGBoost,127,0.008119666017591953
binary_length,LightGBM,0,25.333333333333332
binary_length,LightGBM,1,19.0
binary_length,LightGBM,2,20.0
binary_length,LightGBM,3,19.333333333333332
binary_length,LightGBM,4,27.0
binary_length,LightGBM,5,18.333333333333332
binary_length,LightGBM,6,24.333333333333332
binary_length,LightGBM,7,21.0
binary_length,LightGBM,8,29.0
binary_length,LightGBM,9,27.333333333333332
binary_length,LightGBM,10,22.666666666666668
binary_length,LightGBM,11,27.333333333333332
binary_length,LightGBM,12,24.666666666666668
binary_length,LightGBM,13,20.333333333333332
binary_length,LightGBM,14,24.333333333333332
binary_length,LightGBM,15,25.333333333333332
binary_length,LightGBM,16,27.0
binary_length,LightGBM,17,27.0
binary_length,LightGBM,18,25.666666666666668
binary_length,LightGBM,19,25.333333333333332
binary_length,LightGBM,20,24.0
binary_length,LightGBM,21,20.666666666666668
binary_length,LightGBM,22,23.666666666666668
binary_length,LightGBM,23,30.0
binary_length,LightGBM,24,24.333333333333332
binary_length,LightGBM,25,25.0
binary_length,LightGBM,26,18.666666666666668
binary_length,LightGBM,27,23.666666666666668
binary_length,LightGBM,28,26.0
binary_length,LightGBM,29,22.0
binary_length,LightGBM,30,26.333333333333332
binary_length,LightGBM,31,19.0
binary_length,LightGBM,32,19.666666666666668
binary_length,LightGBM,33,28.333333333333332
binary_length,LightGBM,34,21.0
binary_length,LightGBM,35,25.666666666666668
binary_length,LightGBM,36,20.666666666666668
binary_length,LightGBM,37,18.666666666666668
binary_length,LightGBM,38,24.333333333333332
binary_length,LightGBM,39,23.333333333333332
binary_length,LightGBM,40,24.666666666666668
binary_length,LightGBM,41,24.333333333333332
binary_length,LightGBM,42,19.333333333333332
binary_length,LightGBM,43,18.0
binary_length,LightGBM,44,23.666666666666668
binary_length,LightGBM,45,17.666666666666668
binary_length,LightGBM,46,22.666666666666668
binary_length,LightGBM,47,28.0
binary_length,LightGBM,48,25.333333333333332
binary_length,LightGBM,49,24.0
binary_length,LightGBM,50,18.0
binary_length,LightGBM,51,17.0
binary_length,LightGBM,52,23.666666666666668
binary_length,LightGBM,53,25.0
binary_length,LightGBM,54,21.0
binary_length,LightGBM,55,21.0
binary_length,LightGBM,56,24.333333333333332
binary_length,LightGBM,57,25.333333333333332
binary_length,LightGBM,58,23.333333333333332
binary_length,LightGBM,59,27.666666666666668
binary_length,LightGBM,60,25.0
binary_length,LightGBM,61,24.666666666666668
binary_length,LightGBM,62,26.0
binary_length,LightGBM,63,22.333333333333332
binary_length,LightGBM,64,21.0
binary_length,LightGBM,65,30.333333333333332
binary_length,LightGBM,66,21.666666666666668
binary_length,LightGBM,67,22.0
binary_length,LightGBM,68,20.666666666666668
binary_length,LightGBM,69,19.0
binary_length,LightGBM,70,27.0
binary_length,LightGBM,71,19.333333333333332
binary_length,LightGBM,72,24.666666666666668
binary_length,LightGBM,73,20.333333333333332
binary_length,LightGBM,74,22.666666666666668
binary_length,LightGBM,75,26.0
binary_length,LightGBM,76,27.666666666666668
binary_length,LightGBM,77,26.0
binary_length,LightGBM,78,28.666666666666668
binary_length,LightGBM,79,25.0
binary_length,LightGBM,80,23.666666666666668
binary_length,LightGBM,81,21.0
binary_length,LightGBM,82,19.333333333333332
binary_length,LightGBM,83,25.666666666666668
binary_length,LightGBM,84,26.0
binary_length,LightGBM,85,32.666666666666664
binary_length,LightGBM,86,24.0
binary_length,LightGBM,87,22.0
binary_length,LightGBM,88,22.0
binary_length,LightGBM,89,25.333333333333332
binary_length,LightGBM,90,23.0
binary_length,LightGBM,91,24.333333333333332
binary_length,LightGBM,92,20.333333333333332
binary_length,LightGBM,93,22.666666666666668
binary_length,LightGBM,94,28.666666666666668
binary_length,LightGBM,95,23.333333333333332
binary_length,LightGBM,96,25.666666666666668
binary_length,LightGBM,97,21.666666666666668
binary_length,LightGBM,98,19.0
binary_length,LightGBM,99,26.0
binary_length,LightGBM,100,18.666666666666668
binary_length,LightGBM,101,26.0
binary_length,LightGBM,102,24.333333333333332
binary_length,LightGBM,103,18.0
binary_length,LightGBM,104,27.333333333333332
binary_length,LightGBM,105,26.666666666666668
binary_length,LightGBM,106,21.333333333333332
binary_length,LightGBM,107,23.333333333333332
binary_length,LightGBM,108,25.666666666666668
binary_length,LightGBM,109,20.666666666666668
binary_length,LightGBM,110,25.0
binary_length,LightGBM,111,23.666666666666668
binary_length,LightGBM,112,20.0
binary_length,LightGBM,113,18.0
binary_length,LightGBM,114,21.333333333333332
binary_length,LightGBM,115,25.666666666666668
binary_length,LightGBM,116,18.333333333333332
binary_length,LightGBM,117,18.0
binary_length,LightGBM,118,25.0
binary_length,LightGBM,119,24.666666666666668
binary_length,LightGBM,120,22.0
binary_length,LightGBM,121,25.0
binary_length,LightGBM,122,27.666666666666668
binary_length,LightGBM,123,20.666666666666668
binary_length,LightGBM,124,29.666666666666668
binary_length,LightGBM,125,26.0
binary_length,LightGBM,126,23.333333333333332
binary_length,LightGBM,127,18.333333333333332
level_set,RandomForest,0,0.007168920418897125
level_set,RandomForest,1,0.007940979243249135
level_set,RandomForest,2,0.007748172039883283
level_set,RandomForest,3,0.008060975650425285
level_set,RandomForest,4,0.008371222285527028
level_set,RandomForest,5,0.008169822971576557
level_set,RandomForest,6,0.007616415162077929
level_set,RandomForest,7,0.008237337752422856
level_set,RandomForest,8,0.007956776717704095
level_set,RandomForest,9,0.007719847926869392
level_set,RandomForest,10,0.00732955352295156
level_set,RandomForest,11,0.007755679762152183
level_set,RandomForest,12,0.008003884592564457
level_set,RandomForest,13,0.007457660946724534
level_set,RandomForest,14,0.008344421292863996
level_set,RandomForest,15,0.007623214402340799
level_set,RandomForest,16,0.007279632027366513
level_set,RandomForest,17,0.00821222155797935
level_set,RandomForest,18,0.007627911063695244
level_set,RandomForest,19,0.007924936447712536
level_set,RandomForest,20,0.007723035037525545
level_set,RandomForest,21,0.00784337694834252
level_set,RandomForest,22,0.007777414137085113
level_set,RandomForest,23,0.007579808985537226
level_set,RandomForest,24,0.008003095355907895
level_set,RandomForest,25,0.007610075818085651
level_set,RandomForest,26,0.007626928648362535
level_set,RandomForest,27,0.00786090998249108
level_set,RandomForest,28,0.007840520506284209
level_set,RandomForest,29,0.008201712104077013
level_set,RandomForest,30,0.007480046712402741
level_set,RandomForest,31,0.008332315812363341
level_set,RandomForest,32,0.007371561233198365
level_set,RandomForest,33,0.008076903677267187
level_set,RandomForest,34,0.007396483056716433
level_set,RandomForest,35,0.0072006421132855365
level_set,RandomForest,36,0.007704465395317203
level_set,RandomForest,37,0.00797199614360586
level_set,RandomForest,38,0.008226878758618468
level_set,RandomForest,39,0.007659731990668696
level_set,RandomForest,40,0.007994253742793547
level_set,RandomForest,41,0.007260369722501649
level_set,RandomForest,42,0.007388476805440186
level_set,RandomForest,43,0.0075148172073605385
level_set,RandomForest,44,0.0075923141143245535
level_set,RandomForest,45,0.007430639253112332
level_set,RandomForest,46,0.0077378717516714225
level_set,RandomForest,47,0.00766988106697031
level_set,RandomForest,48,0.0074797686063865325
level_set,RandomForest,49,0.0076871892353972
level_set,RandomForest,50,0.008148060272440867
level_set,RandomForest,51,0.007432374873331159
level_set,RandomForest,52,0.00775034859515773
level_set,RandomForest,53,0.007922987422028424
level_set,RandomForest,54,0.00782361312943602
level_set,RandomForest,55,0.008435600331396016
level_set,RandomForest,56,0.008398463050917043
level_set,RandomForest,57,0.007497742155860493
level_set,RandomForest,58,0.00757146877364442
level_set,RandomForest,59,0.007553693325766924
level_set,RandomForest,60,0.008051661160416425
level_set,RandomForest,61,0.00739763606652749
level_set,RandomForest,62,0.008028165880935526
level_set,RandomForest,63,0.007811949018839661
level_set,RandomForest,64,0.008158608833858523
level_set,RandomForest,65,0.007453001642179974
level_set,RandomForest,66,0.00799026015239686
level_set,RandomForest,67,0.007878746819216223
level_set,RandomForest,68,0.007995644265597346
level_set,RandomForest,69,0.007851604492826585
level_set,RandomForest,70,0.007930869352931622
level_set,RandomForest,71,0.007728423733554303
level_set,RandomForest,72,0.007851692625955134
level_set,RandomForest,73,0.007735044857275793
level_set,RandomForest,74,0.007787831464557467
level_set,RandomForest,75,0.0075877952161460425
level_set,RandomForest,76,0.008125770688795384
level_set,RandomForest,77,0.0077011689795471044
level_set,RandomForest,78,0.007904786383772532
level_set,RandomForest,79,0.007771350755965773
level_set,RandomForest,80,0.0077839171737890634
level_set,RandomForest,81,0.007827218726561518
level_set,RandomForest,82,0.007938559886558947
level_set,RandomForest,83,0.007940735611499878
level_set,RandomForest,84,0.007538486528768487
level_set,RandomForest,85,0.008508930955834831
level_set,RandomForest,86,0.00747707220559989
level_set,RandomForest,87,0.008059804549357627
level_set,RandomForest,88,0.007673480772553833
level_set,RandomForest,89,0.008589001268975032
level_set,RandomForest,90,0.0077828526169884905
level_set,RandomForest,91,0.007602973017587309
level_set,RandomForest,92,0.008636620640391288
level_set,RandomForest,93,0.007881929965680564
level_set,RandomForest,94,0.007834174098621896
level_set,RandomForest,95,0.007827168081073465
level_set,RandomForest,96,0.007354619581486072
level_set,RandomForest,97,0.00793946852649488
level_set,RandomForest,98,0.007825365350140038
level_set,RandomForest,99,0.0082312770004554
level_set,RandomForest,100,0.007994892074500277
level_set,RandomForest,101,0.007654530434687533
level_set,RandomForest,102,0.0082022099628951
level_set,RandomForest,103,0.007659306817063362
level_set,RandomForest,104,0.007866167878010517
level_set,RandomForest,105,0.007927796065378648
level_set,RandomForest,106,0.00783605947923595
level_set,RandomForest,107,0.007960433988808796
level_set,RandomForest,108,0.007906672367858945
level_set,RandomForest,109,0.007782602197824867
level_set,RandomForest,110,0.007917597173304824
level_set,RandomForest,111,0.007784702903593655
level_set,RandomForest,112,0.008038059924233882
level_set,RandomForest,113,0.007794828244395209
level_set,RandomForest,114,0.007345835074457257
level_set,RandomForest,115,0.008047829759634285
level_set,RandomForest,116,0.0082951724943517
level_set,RandomForest,117,0.008019598904263757
level_set,RandomForest,118,0.0075057955412991505
level_set,RandomForest,119,0.007303623219522141
level_set,RandomForest,120,0.007584996523469629
level_set,RandomForest,121,0.007525247944477395
level_set,RandomForest,122,0.007924169884667586
level_set,RandomForest,123,0.007636060234537845
level_set,RandomForest,124,0.007971884206619631
level_set,RandomForest,125,0.007844520811674728
level_set,RandomForest,126,0.0077196520870858884
level_set,RandomForest,127,0.007626663214369336
level_set,XGBoost,0,0.0016828657826408744
level_set,XGBoost,1,0.0025475844740867615
level_set,XGBoost,2,0.0035055617336183786
level_set,XGBoost,3,0.003726760856807232
level_set,XGBoost,4,0.004464425146579742
level_set,XGBoost,5,0.00494679668918252
level_set,XGBoost,6,0.005278224591165781
level_set,XGBoost,7,0.005752382334321737
level_set,XGBoost,8,0.005772784817963839
level_set,XGBoost,9,0.006070942152291536
level_set,XGBoost,10,0.006299042608588934
level_set,XGBoost,11,0.006628697272390127
level_set,XGBoost,12,0.006640139501541853
level_set,XGBoost,13,0.0065384129993617535
level_set,XGBoost,14,0.006897288840264082
level_set,XGBoost,15,0.007254044990986586
level_set,XGBoost,16,0.0066852085292339325
level_set,XGBoost,17,0.007391642313450575
level_set,XGBoost,18,0.007350537925958633
level_set,XGBoost,19,0.007551779504865408
level_set,XGBoost,20,0.00773588614538312
level_set,XGBoost,21,0.007366156671196222
level_set,XGBoost,22,0.007359903771430254
level_set,XGBoost,23,0.00797395221889019
level_set,XGBoost,24,0.007426827680319548
level_set,XGBoost,25,0.007786621805280447
level_set,XGBoost,26,0.007312795612961054
level_set,XGBoost,27,0.007656689267605543
level_set,XGBoost,28,0.007653073873370886
level_set,XGBoost,29,0.007909909822046757
level_set,XGBoost,30,0.008145433850586414
level_set,XGBoost,31,0.0074655902571976185
level_set,XGBoost,32,0.007822862826287746
level_set,XGBoost,33,0.007719183806329966
level_set,XGBoost,34,0.008118648082017899
level_set,XGBoost,35,0.008123073726892471
level_set,XGBoost,36,0.0077522750943899155
level_set,XGBoost,37,0.00774924224242568
level_set,XGBoost,38,0.007961198687553406
level_set,XGBoost,39,0.007932295091450214
level_set,XGBoost,40,0.007880018092691898
level_set,XGBoost,41,0.008043039590120316
level_set,XGBoost,42,0.008091089315712452
level_set,XGBoost,43,0.007866133004426956
level_set,XGBoost,44,0.007987920194864273
level_set,XGBoost,45,0.008049850352108479
level_set,XGBoost,46,0.00804851669818163
level_set,XGBoost,47,0.00808850210160017
level_set,XGBoost,48,0.008048590272665024
level_set,XGBoost,49,0.008515183813869953
level_set,XGBoost,50,0.0076407515443861485
level_set,XGBoost,51,0.008097670041024685
level_set,XGBoost,52,0.00840807519853115
level_set,XGBoost,53,0.008069687522947788
level_set,XGBoost,54,0.008209618739783764
level_set,XGBoost,55,0.008325970731675625
level_set,XGBoost,56,0.00801337230950594
level_set,XGBoost,57,0.007955609820783138
level_set,XGBoost,58,0.007853968068957329
level_set,XGBoost,59,0.007925263606011868
level_set,XGBoost,60,0.008397134952247143
level_set,XGBoost,61,0.00767262140288949
level_set,XGBoost,62,0.008210967294871807
level_set,XGBoost,63,0.008017768152058125
level_set,XGBoost,64,0.008461878634989262
level_set,XGBoost,65,0.008296534419059753
level_set,XGBoost,66,0.008412662893533707
level_set,XGBoost,67,0.008353515528142452
level_set,XGBoost,68,0.008264969103038311
level_set,XGBoost,69,0.008162462152540684
level_set,XGBoost,70,0.008429941721260548
level_set,XGBoost,71,0.008080737665295601
level_set,XGBoost,72,0.008441075682640076
level_set,XGBoost,73,0.008176646195352077
level_set,XGBoost,74,0.008508799597620964
level_set,XGBoost,75,0.008333995006978512
level_set,XGBoost,76,0.008433830924332142
level_set,XGBoost,77,0.008393394760787487
level_set,XGBoost,78,0.008428403176367283
level_set,XGBoost,79,0.008281015790998936
level_set,XGBoost,80,0.0082222456112504
level_set,XGBoost,81,0.008587035350501537
level_set,XGBoost,82,0.008412434719502926
level_set,XGBoost,83,0.008481740951538086
level_set,XGBoost,84,0.00829847902059555
level_set,XGBoost,85,0.008647623471915722
level_set,XGBoost,86,0.008323829621076584
level_set,XGBoost,87,0.008434377610683441
level_set,XGBoost,88,0.008774559944868088
level_set,XGBoost,89,0.008441474288702011
level_set,XGBoost,90,0.008428012020885944
level_set,XGBoost,91,0.00827230978757143
level_set,XGBoost,92,0.00846106093376875
level_set,XGBoost,93,0.008379957638680935
level_set,XGBoost,94,0.008100817911326885
level_set,XGBoost,95,0.008422567509114742
level_set,XGBoost,96,0.008591069839894772
level_set,XGBoost,97,0.008483638055622578
level_set,XGBoost,98,0.008359072729945183
level_set,XGBoost,99,0.008306973613798618
level_set,XGBoost,100,0.00834928173571825
level_set,XGBoost,101,0.008404371328651905
level_set,XGBoost,102,0.008554046042263508
level_set,XGBoost,103,0.008355807512998581
level_set,XGBoost,104,0.008339371532201767
level_set,XGBoost,105,0.008432934992015362
level_set,XGBoost,106,0.008490416221320629
level_set,XGBoost,107,0.008316735737025738
level_set,XGBoost,108,0.008368147537112236
level_set,XGBoost,109,0.00840743537992239
level_set,XGBoost,110,0.008371622301638126
level_set,XGBoost,111,0.008511721156537533
level_set,XGBoost,112,0.008566311560571194
level_set,XGBoost,113,0.008561719208955765
level_set,XGBoost,114,0.008199638687074184
level_set,XGBoost,115,0.00850300956517458
level_set,XGBoost,116,0.008753743022680283
level_set,XGBoost,117,0.00826659519225359
level_set,XGBoost,118,0.008564994670450687
level_set,XGBoost,119,0.008464490063488483
level_set,XGBoost,120,0.008553548716008663
level_set,XGBoost,121,0.008508442901074886
level_set,XGBoost,122,0.008606391958892345
level_set,XGBoost,123,0.008590844459831715
level_set,XGBoost,124,0.008322109468281269
level_set,XGBoost,125,0.008468925021588802
level_set,XGBoost,126,0.008532418869435787
level_set,XGBoost,127,0.00837169773876667
level_set,LightGBM,0,28.666666666666668
level_set,LightGBM,1,27.333333333333332
level_set,LightGBM,2,27.333333333333332
level_set,LightGBM,3,21.0
level_set,LightGBM,4,26.0
level_set,LightGBM,5,28.666666666666668
level_set,LightGBM,6,23.0
level_set,LightGBM,7,25.666666666666668
level_set,LightGBM,8,20.0
level_set,LightGBM,9,21.333333333333332
level_set,LightGBM,10,27.0
level_set,LightGBM,11,21.0
level_set,LightGBM,12,24.333333333333332
level_set,LightGBM,13,20.333333333333332
level_set,LightGBM,14,27.333333333333332
level_set,LightGBM,15,23.333333333333332
level_set,LightGBM,16,18.0
level_set,LightGBM,17,26.666666666666668
level_set,LightGBM,18,26.0
level_set,LightGBM,19,28.666666666666668
level_set,LightGBM,20,26.0
level_set,LightGBM,21,22.0
level_set,LightGBM,22,23.0
level_set,LightGBM,23,21.666666666666668
level_set,LightGBM,24,22.0
level_set,LightGBM,25,22.0
level_set,LightGBM,26,26.666666666666668
level_set,LightGBM,27,21.666666666666668
level_set,LightGBM,28,27.0
level_set,LightGBM,29,24.666666666666668
level_set,LightGBM,30,23.333333333333332
level_set,LightGBM,31,22.0
level_set,LightGBM,32,16.666666666666668
level_set,LightGBM,33,29.666666666666668
level_set,LightGBM,34,21.333333333333332
level_set,LightGBM,35,22.0
level_set,LightGBM,36,23.333333333333332
level_set,LightGBM,37,26.333333333333332
level_set,LightGBM,38,19.666666666666668
level_set,LightGBM,39,23.333333333333332
level_set,LightGBM,40,27.0
level_set,LightGBM,41,26.0
level_set,LightGBM,42,20.666666666666668
level_set,LightGBM,43,25.333333333333332
level_set,LightGBM,44,24.0
level_set,LightGBM,45,23.666666666666668
level_set,LightGBM,46,25.333333333333332
level_set,LightGBM,47,20.666666666666668
level_set,LightGBM,48,21.0
level_set,LightGBM,49,20.333333333333332
level_set,LightGBM,50,22.666666666666668
level_set,LightGBM,51,16.0
level_set,LightGBM,52,25.0
level_set,LightGBM,53,19.0
level_set,LightGBM,54,19.666666666666668
level_set,LightGBM,55,23.0
level_set,LightGBM,56,21.666666666666668
level_set,LightGBM,57,18.666666666666668
level_set,LightGBM,58,25.0
level_set,LightGBM,59,27.0
level_set,LightGBM,60,23.333333333333332
level_set,LightGBM,61,21.333333333333332
level_set,LightGBM,62,25.666666666666668
level_set,LightGBM,63,23.666666666666668
level_set,LightGBM,64,26.0
level_set,LightGBM,65,27.333333333333332
level_set,LightGBM,66,26.333333333333332
level_set,LightGBM,67,19.333333333333332
level_set,LightGBM,68,20.666666666666668
level_set,LightGBM,69,21.333333333333332
level_set,LightGBM,70,21.666666666666668
level_set,LightGBM,71,22.666666666666668
level_set,LightGBM,72,24.0
level_set,LightGBM,73,19.0
level_set,LightGBM,74,25.666666666666668
level_set,LightGBM,75,25.0
level_set,LightGBM,76,26.0
level_set,LightGBM,77,24.333333333333332
level_set,LightGBM,78,24.0
level_set,LightGBM,79,19.666666666666668
level_set,LightGBM,80,27.333333333333332
level_set,LightGBM,81,27.0
level_set,LightGBM,82,20.333333333333332
level_set,LightGBM,83,19.0
level_set,LightGBM,84,23.333333333333332
level_set,LightGBM,85,27.666666666666668
level_set,LightGBM,86,26.0
level_set,LightGBM,87,22.0
level_set,LightGBM,88,24.333333333333332
level_set,LightGBM,89,25.0
level_set,LightGBM,90,21.0
level_set,LightGBM,91,26.0
level_set,LightGBM,92,25.0
level_set,LightGBM,93,20.333333333333332
level_set,LightGBM,94,23.0
level_set,LightGBM,95,18.666666666666668
level_set,LightGBM,96,23.333333333333332
level_set,LightGBM,97,19.333333333333332
level_set,LightGBM,98,25.666666666666668
level_set,LightGBM,99,25.666666666666668
level_set,LightGBM,100,24.666666666666668
level_set,LightGBM,101,25.333333333333332
level_set,LightGBM,102,21.0
level_set,LightGBM,103,26.333333333333332
level_set,LightGBM,104,20.666666666666668
level_set,LightGBM,105,20.333333333333332
level_set,LightGBM,106,25.333333333333332
level_set,LightGBM,107,19.666666666666668
level_set,LightGBM,108,28.333333333333332
level_set,LightGBM,109,25.333333333333332
level_set,LightGBM,110,19.0
level_set,LightGBM,111,25.666666666666668
level_set,LightGBM,112,20.0
level_set,LightGBM,113,26.666666666666668
level_set,LightGBM,114,20.333333333333332
level_set,LightGBM,115,22.666666666666668
level_set,LightGBM,116,28.333333333333332
level_set,LightGBM,117,25.333333333333332
level_set,LightGBM,118,22.666666666666668
level_set,LightGBM,119,26.666666666666668
level_set,LightGBM,120,16.0
level_set,LightGBM,121,26.333333333333332
level_set,LightGBM,122,21.666666666666668
level_set,LightGBM,123,23.0
level_set,LightGBM,124,27.333333333333332
level_set,LightGBM,125,24.0
level_set,LightGBM,126,19.0
level_set,LightGBM,127,23.666666666666668
