max_node,seed,algorithm,param_name,param_value,n_clusters,n_noise,noise_ratio,silhouette_score,calinski_harabasz_score,davies_bouldin_score,n_fitted,n_metric_rows,eps,min_samples
10000,20260722,KMeans,n_clusters,2,2,0,0.0,0.0060924743302166,62.3297925983582,12.663837058057265,10000,10000,,
10000,20260722,KMeans,n_clusters,3,3,0,0.0,0.0054722251370549,54.15826919264988,11.109416518998575,10000,10000,,
10000,20260722,KMeans,n_clusters,4,4,0,0.0,0.0052913925610482,47.69292416345522,10.326441892657057,10000,10000,,
10000,20260722,KMeans,n_clusters,5,5,0,0.0,0.0052737318910658,43.410805601202014,9.715263573785167,10000,10000,,
10000,20260722,KMeans,n_clusters,6,6,0,0.0,0.005257902201265,39.78610081524745,9.293663885137027,10000,10000,,
10000,20260722,KMeans,n_clusters,7,7,0,0.0,0.0053337425924837,37.00484854839561,8.921475887062552,10000,10000,,
10000,20260722,KMeans,n_clusters,8,8,0,0.0,0.0052855666726827,34.56895365092905,8.681787629427225,10000,10000,,
10000,20260722,KMeans,n_clusters,9,9,0,0.0,0.0053898515179753,32.61718863492127,8.397928485083469,10000,10000,,
10000,20260722,KMeans,n_clusters,10,10,0,0.0,0.0053991028107702,30.84942080565881,8.254547266454667,10000,10000,,
10000,20260722,KMeans,n_clusters,11,11,0,0.0,0.0055211880244314,29.58672775250276,8.005542843532863,10000,10000,,
10000,20260722,KMeans,n_clusters,12,12,0,0.0,0.0056109903380274,28.38883371507557,7.869473116150298,10000,10000,,
10000,20260722,KMeans,n_clusters,13,13,0,0.0,0.0056022498756647,27.13809963010424,7.79901464527743,10000,10000,,
10000,20260722,KMeans,n_clusters,14,14,0,0.0,0.0056238961406052,26.08164760635179,7.61255170325327,10000,10000,,
10000,20260722,KMeans,n_clusters,15,15,0,0.0,0.0057415151968598,25.142982746086115,7.482812947334289,10000,10000,,
10000,20260723,KMeans,n_clusters,2,2,0,0.0,0.0061136335134506,62.56409874055213,12.63861396275996,10000,10000,,
10000,20260723,KMeans,n_clusters,3,3,0,0.0,0.0054914667271077,53.968594383812565,11.18533486950487,10000,10000,,
10000,20260723,KMeans,n_clusters,4,4,0,0.0,0.0052401162683963,47.442760260868006,10.33929217400629,10000,10000,,
10000,20260723,KMeans,n_clusters,5,5,0,0.0,0.0052367830649018,43.12813834602799,9.757639464498782,10000,10000,,
10000,20260723,KMeans,n_clusters,6,6,0,0.0,0.0052439314313232,39.73323390391185,9.253473804292865,10000,10000,,
10000,20260723,KMeans,n_clusters,7,7,0,0.0,0.0052952459082007,36.91363185795141,8.938599727570116,10000,10000,,
10000,20260723,KMeans,n_clusters,8,8,0,0.0,0.0053541795350611,34.860174611207306,8.58852025804322,10000,10000,,
10000,20260723,KMeans,n_clusters,9,9,0,0.0,0.005337974987924,32.52123842663583,8.45905945845496,10000,10000,,
10000,20260723,KMeans,n_clusters,10,10,0,0.0,0.0054251858964562,30.887484574549813,8.24987432784398,10000,10000,,
10000,20260723,KMeans,n_clusters,11,11,0,0.0,0.0055439374409615,29.65683270774399,8.024576464576498,10000,10000,,
10000,20260723,KMeans,n_clusters,12,12,0,0.0,0.0055128359235823,28.20186524862577,7.963107418312821,10000,10000,,
10000,20260723,KMeans,n_clusters,13,13,0,0.0,0.0055642602965235,26.978673482291534,7.778016092610857,10000,10000,,
10000,20260723,KMeans,n_clusters,14,14,0,0.0,0.0056446581147611,25.94594208578669,7.6431943332269245,10000,10000,,
10000,20260723,KMeans,n_clusters,15,15,0,0.0,0.005674229003489,25.011642238279496,7.566725017045665,10000,10000,,
10000,20260724,KMeans,n_clusters,2,2,0,0.0,0.0061717289499938,63.12736110997214,12.583060472215193,10000,10000,,
10000,20260724,KMeans,n_clusters,3,3,0,0.0,0.0055111381225287,54.17431428078446,11.113013362532412,10000,10000,,
10000,20260724,KMeans,n_clusters,4,4,0,0.0,0.0053027998656034,47.792803317104365,10.26229591821408,10000,10000,,
10000,20260724,KMeans,n_clusters,5,5,0,0.0,0.00527014862746,43.4934894803425,9.64682403927129,10000,10000,,
10000,20260724,KMeans,n_clusters,6,6,0,0.0,0.0052957460284233,39.94105729411633,9.333183813748663,10000,10000,,
10000,20260724,KMeans,n_clusters,7,7,0,0.0,0.0052688117139041,36.91668829976928,8.944931446452074,10000,10000,,
10000,20260724,KMeans,n_clusters,8,8,0,0.0,0.0053646536543965,34.7261890809767,8.687898430964626,10000,10000,,
10000,20260724,KMeans,n_clusters,9,9,0,0.0,0.0054375999607145,32.88865857436095,8.383839308495167,10000,10000,,
10000,20260724,KMeans,n_clusters,10,10,0,0.0,0.0055092917755246,31.184383281087506,8.197918579401785,10000,10000,,
10000,20260724,KMeans,n_clusters,11,11,0,0.0,0.0054994230158627,29.52979013044501,8.046423106200201,10000,10000,,
10000,20260724,KMeans,n_clusters,12,12,0,0.0,0.0056025134399533,28.20480976801674,7.93588741446361,10000,10000,,
10000,20260724,KMeans,n_clusters,13,13,0,0.0,0.0056236567907035,27.062145867690667,7.764178067872616,10000,10000,,
10000,20260724,KMeans,n_clusters,14,14,0,0.0,0.0056279860436916,26.045648392313566,7.665091675520992,10000,10000,,
10000,20260724,KMeans,n_clusters,15,15,0,0.0,0.0057484610006213,25.152217304152767,7.566259054474853,10000,10000,,
50000,20260722,KMeans,n_clusters,2,2,0,0.0,0.0056120450608432,279.2640331418798,13.380276854106242,50000,10000,,
50000,20260722,KMeans,n_clusters,3,3,0,0.0,0.0047327410429716,236.9455430797157,11.878020118722947,50000,10000,,
50000,20260722,KMeans,n_clusters,4,4,0,0.0,0.0045271264389157,209.52509708530297,10.956763711244308,50000,10000,,
50000,20260722,KMeans,n_clusters,5,5,0,0.0,0.0044691166840493,189.1225093102908,10.326772763126892,50000,10000,,
50000,20260722,KMeans,n_clusters,6,6,0,0.0,0.0043816049583256,173.7938535160726,9.833861269098314,50000,10000,,
50000,20260722,KMeans,n_clusters,7,7,0,0.0,0.0043591661378741,160.8982625031263,9.518996467882818,50000,10000,,
50000,20260722,KMeans,n_clusters,8,8,0,0.0,0.004327711649239,150.0043490704691,9.21435807152893,50000,10000,,
50000,20260722,KMeans,n_clusters,9,9,0,0.0,0.0042834859341382,141.48940644033462,8.984247097202601,50000,10000,,
50000,20260722,KMeans,n_clusters,10,10,0,0.0,0.0042831571772694,133.83555768265668,8.754351501182924,50000,10000,,
50000,20260722,KMeans,n_clusters,11,11,0,0.0,0.0043823518790304,126.86764417320109,8.608912404091402,50000,10000,,
50000,20260722,KMeans,n_clusters,12,12,0,0.0,0.0043172445148229,121.12338342601132,8.393471862714277,50000,10000,,
50000,20260722,KMeans,n_clusters,13,13,0,0.0,0.0043266741558909,116.07170396465632,8.29810092942798,50000,10000,,
50000,20260722,KMeans,n_clusters,14,14,0,0.0,0.0043819001875817,111.2112684409422,8.163294517439546,50000,10000,,
50000,20260722,KMeans,n_clusters,15,15,0,0.0,0.0043265549466013,107.09483351096038,8.077079422780947,50000,10000,,
50000,20260723,KMeans,n_clusters,2,2,0,0.0,0.0055449190549552,275.7652428505505,13.46488664935362,50000,10000,,
50000,20260723,KMeans,n_clusters,3,3,0,0.0,0.0047693867236375,236.5211314725477,11.90251944984814,50000,10000,,
50000,20260723,KMeans,n_clusters,4,4,0,0.0,0.0044418717734515,208.74918981686255,10.988811164993871,50000,10000,,
50000,20260723,KMeans,n_clusters,5,5,0,0.0,0.0044032097794115,188.00221405148952,10.36087225101099,50000,10000,,
50000,20260723,KMeans,n_clusters,6,6,0,0.0,0.0043549453839659,173.0747165003153,9.888459392754134,50000,10000,,
50000,20260723,KMeans,n_clusters,7,7,0,0.0,0.0043938872404396,160.48618470360316,9.522169102611077,50000,10000,,
50000,20260723,KMeans,n_clusters,8,8,0,0.0,0.0042734458111226,150.21913335048822,9.203436312494311,50000,10000,,
50000,20260723,KMeans,n_clusters,9,9,0,0.0,0.0043126135133206,141.53088196678183,8.940136691490439,50000,10000,,
50000,20260723,KMeans,n_clusters,10,10,0,0.0,0.0043486398644745,133.7136825743232,8.7413860014133,50000,10000,,
50000,20260723,KMeans,n_clusters,11,11,0,0.0,0.0042563523165881,126.81765429866246,8.578193101087793,50000,10000,,
50000,20260723,KMeans,n_clusters,12,12,0,0.0,0.0042967954650521,120.96644414608474,8.409696489712903,50000,10000,,
50000,20260723,KMeans,n_clusters,13,13,0,0.0,0.0042928932234644,115.72995594319046,8.323572337361096,50000,10000,,
50000,20260723,KMeans,n_clusters,14,14,0,0.0,0.004254151135683,111.1538681160662,8.178981760161571,50000,10000,,
50000,20260723,KMeans,n_clusters,15,15,0,0.0,0.0043030250817537,107.06731717147396,8.075846932580093,50000,10000,,
50000,20260724,KMeans,n_clusters,2,2,0,0.0,0.0055558984167873,278.9922934643778,13.38664337799332,50000,10000,,
50000,20260724,KMeans,n_clusters,3,3,0,0.0,0.0047403802163898,236.83091214507823,11.89558929474867,50000,10000,,
50000,20260724,KMeans,n_clusters,4,4,0,0.0,0.0045070271007716,209.47428848398332,10.96683596855258,50000,10000,,
50000,20260724,KMeans,n_clusters,5,5,0,0.0,0.0044577396474778,189.4598334107608,10.326787572793808,50000,10000,,
50000,20260724,KMeans,n_clusters,6,6,0,0.0,0.0042630592361092,173.24193432602812,9.87000180420843,50000,10000,,
50000,20260724,KMeans,n_clusters,7,7,0,0.0,0.0043578683398664,160.92194698737976,9.483965684655487,50000,10000,,
50000,20260724,KMeans,n_clusters,8,8,0,0.0,0.0042982925660908,150.48265629518963,9.22604779473802,50000,10000,,
50000,20260724,KMeans,n_clusters,9,9,0,0.0,0.0043187905102968,141.5155576692517,9.010729368296364,50000,10000,,
50000,20260724,KMeans,n_clusters,10,10,0,0.0,0.0042390963062644,133.94170151308512,8.769744981287564,50000,10000,,
50000,20260724,KMeans,n_clusters,11,11,0,0.0,0.0043136831372976,127.26931727120244,8.604188146005777,50000,10000,,
50000,20260724,KMeans,n_clusters,12,12,0,0.0,0.0044111809693276,121.2789175637439,8.413996854401363,50000,10000,,
50000,20260724,KMeans,n_clusters,13,13,0,0.0,0.0043381196446716,116.04675425376716,8.266592287111656,50000,10000,,
50000,20260724,KMeans,n_clusters,14,14,0,0.0,0.0043030511587858,111.44314587834732,8.128563063561845,50000,10000,,
50000,20260724,KMeans,n_clusters,15,15,0,0.0,0.0042986464686691,107.0416305162908,8.072098012261593,50000,10000,,
100000,20260722,KMeans,n_clusters,2,2,0,0.0,0.005223361775279,537.0398474237732,13.645440090704463,100000,10000,,
100000,20260722,KMeans,n_clusters,3,3,0,0.0,0.0046200463548302,458.1657316030913,12.081540144544668,100000,10000,,
100000,20260722,KMeans,n_clusters,4,4,0,0.0,0.0043259775266051,404.9960169056912,11.13383297004245,100000,10000,,
100000,20260722,KMeans,n_clusters,5,5,0,0.0,0.0042720614001154,365.4173543312442,10.493397056712915,100000,10000,,
100000,20260722,KMeans,n_clusters,6,6,0,0.0,0.0041445442475378,334.5657564706788,10.036055716386665,100000,10000,,
100000,20260722,KMeans,n_clusters,7,7,0,0.0,0.004069373011589,309.91155903761137,9.682801679182418,100000,10000,,
100000,20260722,KMeans,n_clusters,8,8,0,0.0,0.0040408880449831,290.0217229707173,9.336120481966592,100000,10000,,
100000,20260722,KMeans,n_clusters,9,9,0,0.0,0.0039856322109699,272.3494305132776,9.113570457898858,100000,10000,,
100000,20260722,KMeans,n_clusters,10,10,0,0.0,0.0039992616511881,256.8711569594831,8.907738892019193,100000,10000,,
100000,20260722,KMeans,n_clusters,11,11,0,0.0,0.0039736665785312,244.15363635600693,8.723180323046751,100000,10000,,
100000,20260722,KMeans,n_clusters,12,12,0,0.0,0.0039323158562183,232.962319910934,8.55637352886025,100000,10000,,
100000,20260722,KMeans,n_clusters,13,13,0,0.0,0.0039726980030536,222.5413989259236,8.418527292374222,100000,10000,,
100000,20260722,KMeans,n_clusters,14,14,0,0.0,0.003944456577301,213.762552926802,8.28490914094743,100000,10000,,
100000,20260722,KMeans,n_clusters,15,15,0,0.0,0.0039939987473189,205.26974088781105,8.168054529412638,100000,10000,,
100000,20260723,KMeans,n_clusters,2,2,0,0.0,0.0053354613482952,536.6199842256094,13.650746243127331,100000,10000,,
100000,20260723,KMeans,n_clusters,3,3,0,0.0,0.0045247003436088,457.8922976783186,12.083516429631208,100000,10000,,
100000,20260723,KMeans,n_clusters,4,4,0,0.0,0.0042945640161633,404.1876257104528,11.13455435705415,100000,10000,,
100000,20260723,KMeans,n_clusters,5,5,0,0.0,0.0041136308573186,364.6944192144307,10.517326699359652,100000,10000,,
100000,20260723,KMeans,n_clusters,6,6,0,0.0,0.0041000372730195,334.4747007329941,10.023610916808211,100000,10000,,
100000,20260723,KMeans,n_clusters,7,7,0,0.0,0.0040857372805476,309.85923299301345,9.670369017826555,100000,10000,,
100000,20260723,KMeans,n_clusters,8,8,0,0.0,0.0040394449606537,289.3340819761636,9.371048181395512,100000,10000,,
100000,20260723,KMeans,n_clusters,9,9,0,0.0,0.0039897584356367,272.1724252402074,9.124932021295734,100000,10000,,
100000,20260723,KMeans,n_clusters,10,10,0,0.0,0.0040715560317039,257.0038848155691,8.918047527765754,100000,10000,,
100000,20260723,KMeans,n_clusters,11,11,0,0.0,0.0040433122776448,244.4885963148604,8.717472595472175,100000,10000,,
100000,20260723,KMeans,n_clusters,12,12,0,0.0,0.0040366202592849,233.451399789199,8.537207571125345,100000,10000,,
100000,20260723,KMeans,n_clusters,13,13,0,0.0,0.0039900140836834,222.5842137374001,8.447156045311978,100000,10000,,
100000,20260723,KMeans,n_clusters,14,14,0,0.0,0.0039529637433588,213.4370540553232,8.302648439924294,100000,10000,,
100000,20260723,KMeans,n_clusters,15,15,0,0.0,0.0039312858134508,205.29484764699825,8.18784337741014,100000,10000,,
100000,20260724,KMeans,n_clusters,2,2,0,0.0,0.005336508154869,536.641092549384,13.650505852295316,100000,10000,,
100000,20260724,KMeans,n_clusters,3,3,0,0.0,0.0046031302772462,458.1176330735907,12.079207225272588,100000,10000,,
100000,20260724,KMeans,n_clusters,4,4,0,0.0,0.0043459851294755,405.66820803456335,11.134973766854662,100000,10000,,
100000,20260724,KMeans,n_clusters,5,5,0,0.0,0.0041700894944369,365.72017942056107,10.490373000712022,100000,10000,,
100000,20260724,KMeans,n_clusters,6,6,0,0.0,0.0040223342366516,334.3214455975388,10.028994650750086,100000,10000,,
100000,20260724,KMeans,n_clusters,7,7,0,0.0,0.0040839933790266,309.7276449288151,9.650342324446555,100000,10000,,
100000,20260724,KMeans,n_clusters,8,8,0,0.0,0.0040154862217605,289.2993150135928,9.370709198000908,100000,10000,,
100000,20260724,KMeans,n_clusters,9,9,0,0.0,0.0040173311717808,272.3389105172401,9.08521355803012,100000,10000,,
100000,20260724,KMeans,n_clusters,10,10,0,0.0,0.0039962446317076,257.7554781057075,8.886304691150766,100000,10000,,
100000,20260724,KMeans,n_clusters,11,11,0,0.0,0.0041167982853949,244.5624177102288,8.718003701428533,100000,10000,,
100000,20260724,KMeans,n_clusters,12,12,0,0.0,0.003980825189501,232.9807696263521,8.574435961773117,100000,10000,,
100000,20260724,KMeans,n_clusters,13,13,0,0.0,0.0040857046842575,223.04000235935257,8.397328560534165,100000,10000,,
100000,20260724,KMeans,n_clusters,14,14,0,0.0,0.0039234762080013,213.6306647549504,8.297842995346192,100000,10000,,
100000,20260724,KMeans,n_clusters,15,15,0,0.0,0.0039172256365418,205.5472999149869,8.17228441834647,100000,10000,,
